date,priority,stage,task,status,owner,evidence,acceptance,source
"2026-02-14","P0","Stage A (Go-Live)","DNS/TLS/HSTS evidence attached","done","DevOps","docs/strategic-execution/runtime/GoLive_Evidence/2026-02-14_dns_tls_hsts_evidence.md","Evidence file exists and STAGE_STATUS marked [x]","manual-dev-sync-2026-02-14"
"2026-02-14","P0","Stage A (Go-Live)","lead routing/notification evidence attached","done","DevOps","docs/strategic-execution/runtime/GoLive_Evidence/2026-02-14_lead_routing_notification_evidence.md","Evidence file exists and STAGE_STATUS marked [x]","manual-dev-sync-2026-02-14"
"2026-02-14","P1","Stage B (Brand + Proof)","3 pillar content links logged in runtime/content log","done","Brand/Product","docs/strategic-execution/runtime/Content_Log.csv","3 pillar rows exist in content log and STAGE_STATUS marked [x]","manual-dev-sync-2026-02-14"
"2026-02-14","P1","Stage B (Brand + Proof)","PersianToolbox proof asset linked","done","Brand/Product","docs/strategic-execution/runtime/Brand_Evidence/2026-02-14_persiantoolbox_proof_link.md","Proof asset linked and STAGE_STATUS marked [x]","manual-dev-sync-2026-02-14"
"2026-02-14","P1","Stage B (Brand + Proof)","case-study page/routes detected","done","Brand/Product","app/case-studies/page.tsx","Route exists and STAGE_STATUS marked [x]","manual-dev-sync-2026-02-14"
"2026-02-14","P1","Stage B (Brand + Proof)","services page/routes detected","done","Brand/Product","app/services/page.tsx","Route exists and STAGE_STATUS marked [x]","manual-dev-sync-2026-02-14"
"2026-02-14","P1","Stage S (Sales + Contracts)","SOW/scope template detected","done","Sales/PM","docs/sales/sow-scope-template.md","Template exists and STAGE_STATUS marked [x]","manual-dev-sync-2026-02-14"
"2026-02-14","P1","Stage S (Sales + Contracts)","change request template/process detected","done","Sales/PM","docs/sales/change-request-template.md","Template exists and STAGE_STATUS marked [x]","manual-dev-sync-2026-02-14"
"2026-02-14","P1","Stage S (Sales + Contracts)","handover pack checklist completed","done","Sales/PM","docs/strategic-execution/runtime/Sales_Evidence/2026-02-14_handover_pack_completed.md","Evidence file exists and STAGE_STATUS marked [x]","manual-dev-sync-2026-02-14"
"2026-02-14","P1","Stage S (Sales + Contracts)","proposal template detected","done","Sales/PM","docs/sales/proposal-template.md","Template exists and STAGE_STATUS marked [x]","manual-dev-sync-2026-02-14"
"2026-02-14","P1","Stage S (Sales + Contracts)","signed sales evidence attached","done","Sales/PM","docs/strategic-execution/runtime/Sales_Evidence/2026-02-14_signed_sales_evidence.md","Evidence file exists and STAGE_STATUS marked [x]","manual-dev-sync-2026-02-14"
"2026-02-14","P2","Stage L (Long-term)","3 successful project reports published","done","Leadership","docs/strategic-execution/runtime/Sales_Evidence/2026-02-14_longterm_project_report_01.md","All 3 long-term reports exist and STAGE_STATUS marked [x]","manual-dev-sync-2026-02-14"
"2026-02-14","P2","Stage L (Long-term)","product line progress documented without delivery drift","done","Leadership","docs/strategic-execution/runtime/Sales_Evidence/2026-02-14_product_line_progress.md","Evidence file exists and STAGE_STATUS marked [x]","manual-dev-sync-2026-02-14"
"2026-02-14","P2","Stage L (Long-term)","proof-based move toward larger contracts documented","done","Brand/Product","docs/strategic-execution/runtime/Sales_Evidence/2026-02-14_larger_contract_proof.md","Evidence file exists and STAGE_STATUS marked [x]","manual-dev-sync-2026-02-14"
"2026-02-14","P0","Stage A (Go-Live)","Go-Live package","done","DevOps","docs/strategic-execution/runtime/GoLive_Evidence/2026-02-14_go_no_go_signoff.md","Stage A completed","execute-priority-roadmap.sh # go-live-package-2026-02-14"
"2026-02-14","P1","Stage B (Brand + Proof)","Brand and proof package","done","Brand/Product","docs/strategic-execution/runtime/Brand_Evidence/2026-02-14_persiantoolbox_proof_link.md","Stage B completed","execute-priority-roadmap.sh # brand-proof-package-2026-02-14"
"2026-02-14","P1","Stage S (Sales + Contracts)","Sales and contracts package","done","Sales/PM","docs/strategic-execution/runtime/Sales_Evidence/2026-02-14_handover_pack_completed.md","Stage S completed","execute-priority-roadmap.sh # sales-package-2026-02-14"
"2026-02-14","P2","Stage L (Long-term)","Long-term baseline package","done","Leadership","docs/strategic-execution/runtime/Sales_Evidence/2026-02-14_larger_contract_proof.md","Stage L completed","execute-priority-roadmap.sh # longterm-package-2026-02-14"
